username,user_email,user_password,user_role
ggisburne0,jelstob0@lulu.com,PlEOWNR1,Developer
csimanek1,ddraude1@storify.com,YKUuU4q96,Reporter
rblazey2,sokielt2@dropbox.com,7Dod2kT,Reporter
zelcome3,jveare3@about.com,KYA3yWei,Triager
agabbott4,rshory4@nydailynews.com,EFdFc39KYG,Reviewer
cbrice5,kchristin5@java.com,hsoNa2CqX,Reviewer
wcalafato6,hgladdish6@sina.com.cn,mLpLE6FdXd,Triager
epodd7,tbroadberrie7@webmd.com,OdDjixOMV6v,Reviewer
kfruchon8,dfitzgeorge8@hp.com,cjMNUfjWNo9L,Developer
lsunners9,mbalas9@homestead.com,mRiIgxT31H2,Reporter
fmckertona,jgreenhilla@goo.ne.jp,wQ9qLTA5fC0,Developer
cmaudeb,jmcilhattonb@microsoft.com,Ik4EHw,Developer
nmoarc,lshoriec@arstechnica.com,s1S6gkOrqi9,Triager
nfavilld,raldwickd@amazonaws.com,mLAmtvRpMRMU,Reviewer
mforgane,galfonzoe@ameblo.jp,3oP0QTYXeyS7,Developer
lprichetf,osurgoodf@chron.com,UGNQgGNK,Reporter
asinisburyg,btoteng@bloomberg.com,vHsGdi,Reporter
wghenth,jfaash@tuttocitta.it,BEzf13Y,Developer
sciccottoi,wschimanki@salon.com,hFqxYPt,Reviewer
rgiraultj,jwymanj@lulu.com,j9hcCs9v,Triager
ttregensoek,mtukesbyk@histats.com,02kTg4N850El,Reviewer
mduinbletonl,clongfieldl@unblog.fr,67hCYz7jM1,Reviewer
ecribbottm,zstovinm@livejournal.com,FaK7JlRf,Developer
tstreatn,hpogsonn@sfgate.com,Y6vut8,Triager
arolfeo,jilchenkoo@paypal.com,46I7hkKwOkRR,Reviewer
gdawtryp,jdyp@google.com.br,ChwHSdHAvMw,Developer
vskulletq,rfolbigeq@sogou.com,0YyqBiUU,Reviewer
sfigurar,agebuhrr@booking.com,H9vyjuEgx,Developer
ttufts,rtubbys@engadget.com,n3Wt1HQb6l,Reporter
ssimonint,bmatuszykt@ca.gov,zb4xBp,Triager
llinsteru,bbramptonu@princeton.edu,9ZJW37OUE,Reviewer
nbrameldv,gmcmoyerv@virginia.edu,ktpkuDqWhJu,Reporter
jstannersw,lmaccleodw@usgs.gov,vnf30bd2mTTE,Reporter
vcarncrossx,fkeywoodx@google.com.au,HdfAhS4Dm88,Reporter
llacroutzy,speascody@yellowbook.com,qNdPtYWAnNnV,Triager
fwollrauchz,rmcpeicez@homestead.com,pwAfPL2,Reporter
mbiddy10,ebraksper10@reference.com,oN25upewELP,Developer
ecicero11,amckibbin11@ucla.edu,rYZGFB,Reviewer
wrosa12,hmcgillicuddy12@people.com.cn,n9B0kCLKPQ,Reporter
plibbey13,dbrant13@shinystat.com,xCuWdy,Developer
dgorling14,nchapling14@drupal.org,lDnQn7ZQ,Triager
mhellard15,mpargeter15@goo.ne.jp,zOr5QwRxot,Reviewer
vbyard16,anettleship16@istockphoto.com,DtgHNgyq2,Reviewer
abuswell17,abirchett17@naver.com,aP2unK3LfSl,Triager
jmattam18,evize18@over-blog.com,m9fYhcgG,Reviewer
rdouse19,acheevers19@amazon.co.jp,cycF8wibX,Reviewer
cpau1a,awooffitt1a@businessinsider.com,PiQO4MY,Reporter
mdeetlof1b,afreeburn1b@exblog.jp,EfVzQUuK7,Reviewer
wjickells1c,lrayment1c@usa.gov,1hu5R66,Developer
lverden1d,gmottershead1d@twitter.com,ZSbYn81oZ,Developer
